id;Artikelnummer
6d529cddcd4848a2bfe99510255b47c9;10446
65f2845994d04438b3ac61606d8b65cf;10660
e4bbd7d7f3974a0aba8a3f96fb3f5d81;10704
4cd62f6138784b7ea01cdcbe85d4b483;10722
b4bab75af8c4452fbd56cbf9175c4ed7;10702
bacd93b5a680448c9fdb106642b1b1de;11370
358f6c8cd60b49238c812d59fb94c2eb;11533
a8661cafc9054bb0af7284d8742bc248;11704
d4f8cf4a00df45e3809e36825cdc4491;10656
496ad7180b274a96b931221ceb93d66b;10653
c0ed3e3d643643c0af882a1e3da2e5ff;10654
cf8985ddde7249c9bf4f60779cc08380;10655
3c112ede333745e49feeffb7bd4d9bc5;10658
8e1313f0c98d4469b620f6c79fb3ed5f;10661
fab803fb20bf4af7956db86f5c0bcd0f;10657
16fc28dd91c04d4fb99f60efbbca5a77;10659
0b7c3159200d47bca5ef8f6cd39a09b0;10666
4fe7e44097ea4120bd76dcfd47e0869e;10663
798191f990ef4b8b9852bc5dcab99e0d;10671
e1a461b615fb485e8b6fb0b665ff3134;10664
52e050786b084632bcedab948b0ceed9;10662
910e81d2530b4d2da210dcadc505b011;10676
fa95766510e5476bba2ed433954b44db;10668
728d5a2b0d174d25a21264bc15a4fdf9;10665
f6780cd7865b4f30968e2d9e10331885;10682
40f9900920924c329b611339f3bb716d;10667
e91e017a11c64967b4429eb6d8290be6;10669
5c43b340cb1c499eaa57874d9f13fd60;10670
aa025b622d3c4310aeb43c3ffe00e9fe;10687
5ca16e5312ff41bfbabcc0d7854b97c2;10673
1463f5340a2a49a0832bb4d9b639a199;10674
f831a89ce65b4541b4a1a4daa8857d46;10672
ee33e32635e7416890ace3a4206aefa0;10692
cd513a37d5b44d2c8d3ef3771bef6730;10678
8509cabb3d834410b8ebf1c46d42e387;10675
ecbcba9f101b4061b111da4fa371affd;10697
605e7f7c4e57456da8e2bb879edc8022;10677
98c8a19bb4a24113b41cf2362b53c10b;10679
cfafc11a1e294aceab78ab9b3dcd6414;10680
ebabfeddc0074fd1b0e19d1988ec0140;10684
1b0b3ec5fab94005807ecf894b7e3876;10685
b4c7c20479524d22be7b7fa571d783b4;10707
92b15c37a45641978f56484f44e5b4fa;10683
fc6567c383074f519497a9214dedfe21;10690
b75a60670d614550bf48fea4f2c4f8d5;10689
289fe1a8e42f49ed81307bc2f80b2988;10686
f0d6ff8558c54de7b3e39543cbbdeb0c;10695
1d7fb1f08a3b420f8d590f0086cf2e72;10688
f30c7045d3804df2a8622ead8852cdd3;10712
ed55e595cafa4a94933f5f71b81971d8;10700
56b4bba26482402ba0d84d3f28e4167b;10691
417ecf9095cd4bb693d396fb3a775cab;10694
dd2315e58a8e4a0aac0b2b07077b2d38;10705
b714c8928e56433a88553a468b4d545a;10717
d96663a88f784f5f9df468ca082996b1;10693
0b2d250e443648e7a11157ceeb097c8b;10710
09fe8a7d4f234321a4c09a7dcbaaf2f4;10699
1fb88f2bf7de4e6bab5721e72a4f3ee4;10696
f5ec044c2b03401986ab9ea466592287;10715
913ee03e6b7e405b834631054d45f050;10698
fd0c192f56b24e208380bde5f832f875;10723
dce61ee1dbd04cd09985ee61be59cdd6;10721
d0c80555f2c447fc80eef5868cb03912;10701
1cd402db32b74bcaa438161edeaed563;10726
b4f032f61d884e3bbcc1e0fa929d0a6a;10728
1941641e101947d0b15754d8cca95189;10703
8bec3ea177474492be34587e4558ea80;10731
3487bb2e172c471dbba037c3c53197cd;10706
95d718e861ea4885b8c32597c46aa063;10709
f8764392e3764177a0cdd92ea5866d64;10736
f7a37a8555c045328983f17d73fbab6a;10708
4dd8f18b914b45ca965378336d04e702;10733
08b37df32a244d62a3f863df1b6ac31d;10714
21394d131ab84b42ae56e75627e349dd;10711
25b1a68fb4bc41c882abad858a8a48f6;10738
f1e64f3df52745d58d4e24094b7e2b92;10742
8925ad6722594ec79187c10c34f3881a;10744
9bcf5b23ebb943a9aac8f476a2020427;10716
52003d8bb46244a9a41a5d1b41c58033;10713
ff408740dada475eb16ab9e74940f143;10720
c842ac1602bb46488f05c39b249db5c3;11531
dbd20b474cf04e95877f5a8657d18ac2;10718
f33dfd46c9ea44f48f976d55ebe36bba;10725
151a810239fa41dc91e25b8a11d58945;10727
39c94440d39b4f70807b1888cec7c5c4;10724
74f820eada7d40deaad8d96b2335b430;10730
87fd4fabccee4bd28da6622c5d29aeec;10732
c69ea6429cfa44ed9a6a55a7eb0564f9;10729
cb4ce23926eb475ba3a18050271a0201;10735
f416b2bf118f4cfe98fca532f14024de;10737
8474d64e88b54ee79af72ce843e42bab;10734
62a6011f98784a8abf22cca6350be582;10743
15e2bb1dbf1c45d7a2bdfc1db3cb92fc;10740
636e6fcbd1c14a75bed2115eb4ff9877;11532
d4fad3dde637430fbee72e5cafaefaaa;10763
4de689142e0840fb9638f2becd07697a;10681
3a3bbaf6bfb84f408d43b86eafc07104;10719
6c8fd9552e794d55892adbf7b989725a;11530
9254815ec98d4375a306480ebb4c1195;1020515
7260fe67cc9b44819a56f2554c312f46;1020513
4c09bb08581f42bea55086d57462d4a1;1020492
d47d87fec7fe4c9ebb023e9b09e977ef;1020496
08f0df8daa17474d80730406ea83aec0;1020484
223f6a85864d433a91a685fd74d6f76c;1020471
ba8a902a647d4c039284fcd2ba3641da;1020480
a655a9f3969b4e64938549971ed05433;1020468
b2d42b4ed82944479450073c00c0680b;1020475
72f8cde78b824894aedabef50bc464b4;1020482
bb94f21faf8248e3a7e7fafb7832a82d;1020485
f572469edc7342c6b052d504395b25e3;1020477
040fa5e480dd4fb18c1bc2c7d9f37b50;1020474
a611924bdeee4760b5275ea2799738eb;1020483
d5af37558e7841c1a1485a6afbde9ee6;1020478
1da78862386141e3b37173f7d951b086;1020472
3849141b8b894b0e8110eedd5e6c88a3;1020353
167281af2ceb4981b9179ce8d9613a86;1020343
8693ed2664694565adfcf5aae8d19038;1020481
494c444f7e5e4bd8945239fc687aed70;1020467
1e2aacd00a8243379ae91f25e93ff94b;1020470
9f50e456855b487aba8eea6aac52e42d;1020342
596d5de1b0fd4b5fb62c43e16ea17ece;1020238
7b90998feb3f4e1192046c8098a4f446;1020243
90f87f78eac14f23a4ccf47f754b5e52;1020239
5bdf61d8b1cc4b48b6a8b2198aefa6ee;1019930
8785fe6fd143447f8b0e402ce9021331;1020473
99e772d6d15a484eb2f35b8a17925112;1019770
ee9012d2d44b4a9eba84a44021c97c11;1020466
964807b96ce646ae9c5ccb3dddd14d77;1019791
05532e4cf61441919a804a160cd971cb;1020232
3e28bf55201e460e8b74719a9c1f1e7a;1019152
c6ad6e0f9e034521b72a6a99207826f5;1020240
2fff0f20b7784eeeb62f47c355c69cc0;1020133
373b014819e248a290eabf345058a95d;1020125
c116a40edd35424889792841a0c452af;1020028
08d10b7c8b784d0882075bb833ebdb1e;1019923
a4db3a28bbe14d16ad5606aacc2e9ee3;1020464
54fb3b7ae5b24db3af88e861072634d0;1019929
a5009aa8ffbb4f4e84ad5dea290d8bdc;1020014
83c960d5feaf465ca182d65a065cebf0;1020004
ef002002de9a4bafb33421c70ff61370;1020027
0b28ba01ff9848d0a85e277229d4b01e;1019156
480c627ed5734f0c9cbb6f34d7b518a7;1020465
d9f18f3eb12b4a269cf55f01772f2c6b;1020023
1c2fea4775f94d748f3540823670f568;1015544
c0e07312c82e4e94a6dcf25df0c2aae8;1019793
6f5c71cb7c834f878ae683c3c1c37445;1019792
173d3724d0184b7783b858fd71c8b023;1020123
168b5f71f48d4729bd08b8ac2bcec353;1020029
3d1c1a64762f4014a7479f83640427ed;1019924
9e765bd01fbb4097b11cdb4a44e14c73;1020463
81df5fa46f4c4ff8b2f1417bf4e8e85f;1020346
73cafeb7c5b8472fa32cd1e8d92d28fa;1019085
195d466f1d81463b8a5a4772802375a6;1019641
69d73f617b7341bca357efd0b682b6e5;1019192
744d19b2e65f4740a74ce73767e81215;1020015
cc49d70c4b834556b2a74df205af07f6;1019323
ff425466adef4f4ebb542a10981d945f;1018376
dc7fdd267bed4db5bbf092b679c1800d;1019145
166389fd405044c0bdb263abdd06287f;1019308
4d43f5a725be4e42bbafc0b47e3e3069;1020242
85f090abd380403cba8aa9f9fc55db02;1019794
59a0802b3093459ab26fd0ca1e12a3ea;1020025
7926056b97df4d1d8032f8239e1596ea;1020236
f3adfda8daf84eca835898a5920417bb;1020132
84e3d2051b244e0089558b4ffcc5385e;1019080
f47ea573bbbc49fe811a77e54cb983be;1019151
94633e2ea93b48638885aa1a26d365d3;1019768
849abc07251c49e381bb18a3443bbb31;1017280
86c3f3a992a247de8d3156c0ac63fdcc;1020127
f0e041ecd2b44c86a491c745812e62e1;1020124
5b573b7242f24496955216712b773a5c;1020479
4e9b551e8b5d40c99f980095f0956567;1019997
e5cbc567d32e4efba3f82d54d0d5f3b7;1020017
1eedd81d8251464883381e2467b7f293;1020010
379abd2e92554e2588cf89f43de143ec;1019955
6eb5ba34910145a0964121714f9afb8c;1019948
961a612530f24b8e87eae48688e4a66e;1019945
24f888185596475a93c3aa623c87979d;1019987
c1386a23a289427a965da00e57700b24;1019812
840e55012b434062a314109078dcb72e;1020009
aaf0cc895fa541c7815230542cc93b40;1019801
ca78d2ad32594452b164e513240ef204;1019974
4145bad6ce204bb1aaaae48eba0d2ecd;1019130
f6c08feaca714707a496a0a420d4f401;1019959
64d066e2afa541bdbc2b18da173d1563;1019958
e51d03511a724d03840f7f03983ef328;1019172
e2a6c20641e5448794fca624a7734c2c;1019800
0e63529afac948939f9151f07ce8ed01;1019972
372fdc41bc7241ce994f5938a598bf36;1018987
8fb75f2ccdce492c979f86a916d9c5d2;1019970
f1f6ccdd4e9443f0afede9032adc405d;1019764
fcc4c2cc04404db3bc35b612f8a07562;1019155
9379d660d64e4fc6aebccfdda2cf045e;1019943
47cc133df948485eaacf2d9b6e9f5196;1019797
fb4118d64e7c460c8caca9d6fec7b768;1019942
92e335938eee4753b1aa9841414fc32a;1019937
1a74e35f35964d738b634fe0e6611ba7;1019969
4af545eb64dc42719d42c468cac40934;1019963
cd35693211ef4c98b1b660b06b288a68;1019962
64bbc2c44e8b4c4cb659796d0b1c82a0;1018969
7cfacdc548f449df94761d5e44dac53f;1019944
20a5489d39054575a9d88a1e55563901;1018989
bf18223ea90146c9a221fa545e2e00a4;1019140
f8b547fc0b1b403881e29fbdd4032785;1019934
bc210e322db44626bb0c89162a27ff4f;1019168
cbc41f00fb174bbba4daccd94ccdd163;1019933
027e5b51ed914175965ee419954ae521;1019164
8a9e11ac37b44befa4fd79262d1f47a8;1018986
59546891967e4e4e9b8751fb969835a1;1019961
a493f184da994b668f0002419994ce63;1019311
bbb3a139a9d74b8b8c4bbf51cc506601;1019144
907bce56ddbe417daa4a393b64d58f76;1018596
683545e8697347bf8a244612f1b750fb;1019196
9f64a5027d6d4fd886432141c0265ba1;1016231
ef25675e4ab7434da12f2255d48aa343;1018095
0824c85711d74db39d1c1de379098fae;1019194
6f0942b22e5f456f90409554dad4f218;1019154
8fca1d066777479daa6654ce302152ef;1019027
5dc6a3d8d54e49598a792284ead78555;1019056
641b4aba297041adb0d820a46bcb2127;1019083
bac4352c67154b1aadd219f6b7a496fc;1019195
25e3c42834c0497cb2d5d11ae1a237ec;1018593
e8631ac7dcaa43f5bd0d1e7fb6c8868f;1019177
b9e1183f8cc34244af637aa553738962;1019765
3d424369417e4c82bad0ec2b51290fc5;1006832
c181d20def2942a9b489fbfe52173c7b;1016659
93c14a730c884c1bbc6b24d391af1bf7;1019758
02cab172909f41eba673649f4b5a2379;1017565
d47f41c66efe442c97e0c4a0394094ef;1019938
697e6ba2a8144309b3cc5269bff0cf5a;1018103
0a169d26c231403a87145891a6755687;1019088
6de765cc91a24275836315b12a016074;1019649
53466f2953f34f98a54a1ee5b13182f3;1016234
125dff51941f4c678606629e59655a57;1019339
2017c46ebee84071ad36b9e2855fa8a5;1019337
56868fad12a2409a91e6246362e82a90;1019146
b77c926e50bb4116a269f29c2063fc93;1019316
2b9216488d194d7d993f74020125204c;1020018
61158c4ef4e844e091b7201dbc74349b;1006952
470efc06bd40405db68e732bfc2a9b52;1019143
de37abcbda094f60a2f265b846336c09;1019189
e214ede5284c4cb297768ad86f57bc2b;1005274
1e09f506e6f047c2bdad02e6e1cc6006;1019935
48729371e4614445928df1f7b8cfa5fd;1004936
abd83e98dc924c9a9a247b344e0eedba;1017671
f07700c646b143f1b262f6119c8688f0;1017427
fee0e5792c254cfab63a319bdd4c426c;1018367
05c0c3a6226141f4a6e97b19df29bd0e;1017562
71d603d890334a34812e8d8084fa1f52;1009313
52f7fe5bbee047619a00759f11d28ead;1018373
465eb7fdeddb4a93a5d133a0e706e555;1019142
b07b4d0fcac647419dcea81c9cc092e0;1018091
2d22fd4c4fa24745802fcb6d63a71a0f;1019960
a0cc98290c9d49419abd604cfb73bdb3;1019150
9f1973fee307462293c7813a20546fe9;1019163
3448a5abc7fd4131880345bb03617fcd;1005850
847c96b8fe254c6ea0bd25921123ae7b;1005392
9d78c860f57148258d67231b1f751caf;1018370
664f65cc463943a1a5070f88fc9db1de;1019324
e174c0fa120d474fba9fb56a2d14d196;1019166
e06224b6678a40f2934364deb2d3713e;1019190
6c65d63484ad4a44aa66bc18fc8f9408;1019159
2fee761c5b134480b72ba42fef883daa;1019078
d061d6d58445493b8649ebc8ad173fa8;1017785
fd645d773d47410fbdabb05ae854825a;1017276
56d8107776094bc99d768fd2b30577fe;1019162
566fcf454d7240aab83aacabbff1c472;1019107
f38ca0a6a5894f63a8f86f3e48ec3bae;1005846
97f52902da544a97bddd6432a016925f;1019784
a2d60e48e3ad49c58c1d2106d2e4dea2;1014233
ce8522b465b84a8a882032d65bd200aa;1012935
cdc602f20815469ca1786456aca6a591;1019149
fa42caef6ff9473f9d0cad58f88ccc5b;1019445
336ec5fed7f248669794cf6716069f6d;1019052
bf0de6ac58244546be73326245551a94;1019931
7bc9d2e425304ff2bcc96a10ffa17b36;1019157
d75db09054254e95ab0b7c3ff125a430;1019644
03802a5b16cb4000a70adcf3eaf5b62d;1005497
4efcfb1143d54d8fae5c50b011449e3a;1019333
523befa6c8fb43c1b79a7075747ef49d;1019089
1d43dda23b7c4c3c93c3624dc3200aeb;1001648
4ef8dadd4ee84172b77eecb3573e8c14;1017273
6ce5ae47795f48e7904c7e29362738ac;1019139
915d9bd80261485dbbcbb82117b44e2a;1018968
a9eafd34352048f8a90c16d7e25c27ba;1019161
15c8e0fcfb8f4271b9405b88881b2959;1019135
a483e1e7ec1c4caba81508e84089481f;1001755
07e1635cb0e14455bba18d37a8923422;1019160
b478887634f94eaa82adc97b41ebae18;1019446
74ffb6bf963e4ff2bdc0276b548f8f7d;1009525
fc4c19e7d11444d780ec98b61a64fa15;1003995
a88aedeecb5b420e9e8d760abdc611e8;1003963
9e218c518b774837833aa72a3765c2fb;1002685
2403542cdf3a4b8799c450d3ff474f7a;1019086
82d52f9088b042d4ac7147621d82861d;1007311
8485b13ae8d94435a9001f685311b440;1019763
bb64c12b0cae4beaa7023b7acf2f66aa;1019762
037fd84967284a41b07974e4fd846adc;1019939
27fac6ec6a85401b98e5781531de13d8;1019153
8e6182dbb66d4a0c927ac5d02254547c;1019053
5bb7f9053d76499594f4f343f37dc429;1019329
ae04a6b260a64bb6b9ea1e3bd1b2624d;1017428
ddbc25dd63084f428c711458878cb5aa;1018970
aee785dca1d142af8d3ce8828abdcc1a;1016564
5995a7c6fdd74cf6b22c758ddef10a95;1018977
f1f44239ad7e451e9d0fc24284d8fdd4;1019759
b9b05fd1512e4db89fe903880ea36e0c;1016461
943185ef42304bae893a0c42bd93e0f7;1000972
8294a724dc2b42b19b15fd3df7fa569b;1018965
d23eb274078a45eca1ae3e5dcfb4b573;1017122
cf8428e2d25f48d6acd764d3291b7459;1019814
399150e3b9874a7cb3584f47d007fdca;1009329
7341d82753a84230b6588050c2a2e0a8;1020008
aa94daefce904402845eaa662d89e6c0;1016456
95fe752f9406427d9b30d1df2dde3337;1015339
0b73fb2d18f547df8cecb9b644c2e4f0;1018959
a179e15bd49c409e93433bfd26628ab6;1018939
e900e96e5d044cd798c5572075735c1a;1016132
025c7862f3cc4ad5a0d9f2f235c83c58;1017447
b3c649654dc14b9084a6527c2c01d885;1017448
4b30adaf405943f280cde56973ea8af0;1019186
c8e4fbfa2db549d1a99986d18725ce72;1019176
1deec9cd8a894e4a8ae514a2bcca2f9a;1008513
95fc5c36c62544ab8b0657364e2d8f50;1019188
8ebfd804bd994b0d8f97bd8957d90226;1019169
49f2900fe85c4348bd7373edae93a786;1007613
ab9524f5d5ce414cb50d805ed18784c5;1019104
0f94bc1952d148b2823d67d8a7573170;1019049
41781fbaf5c342a088317687a9cf6dcb;1019178
0fa327a54326465a9c3b9e3e577b99aa;1019125
72302dd3f3c04d549533699ae9a1a99f;1018322
650258fcaede4b188832ca8cbc4b3b59;1009327
3e81ca4cc624492e81d8e524c169f1b9;1000274
0fb21677a0374ad2b3d0ac71249ec1b2;1016031
160df9643f50436ab8331b323880b50b;1017450
bb7444dfb51b4b72a145cd1b385ec483;1015334
fe9297ecd4e24714a8d6ef7847e4f965;1015335
5f3091f5c3de4b8ebaf973cf288bf464;1015340
c11c5470c4674f2787050f5892fe8d90;1015337
96fbfae88e184b63b1309dd8adf65f32;1015333
67ec6f156fd24eb388f59a2f39a467a4;1015534
3b7391cfe22b4f15a514ceb484ad2a22;1015041
47811da474e8413d9a0b29740e1d9e91;1019158
7148a3fcb8fc44969125e42fbe4c1dc8;1018632
e502db0d912a4f65a1e7414fba8307eb;1018631
7ca2056a6c8744dda1b97a0fa07b7b36;1016910
5ac8762847854ff5bf7ad068cfda9dbb;1017398
40e5bef81dc34809b6da98cb22152085;1019105
4bc52ef906ca436cb12441ec0dcc1980;1004961
ad0d935474c64b788ec7fddcc588ea6e;1019932
90959692160d4119b15bb087a6a7ecf2;1019148
f2eaada9a35c461388ccc6dbb30c073c;1007302
5ec108428de642af9e3e951b3ef29a7b;1000342
0fde2525b466491990783d69cff76fed;1016134
82904d0c886847edaa1ec8ce5657fbe1;1004500
e2eee4acc3674bf7b766f8bd236c426b;1019087
d1c0dcda6d474daea4641941b6aae8a0;1019147
55f80d3f8dd04a6d990a6caac76c4e15;1017423
c9c7c291f7ea4e96b376f7043cd49d03;1019109
97ad46f41e394131bb6886721065c028;1017010
774a1b5487264c388b649c316f16caed;1016764
4d20f035d5274fca8cb4fdcaf2139f3e;1016767
7240dd5ed3684834815f3e87245cc5a0;1018943
e0fd9216547142af90cb02c077414d67;1000287
e6392d162b50468aba1400cb11072118;1019956
37661bac8d8245cea19454447aacd249;1014931
6e9fde1d70924165a814fd699b5fe13e;1001394
c9ad4d2652294bdc9f4787604a984130;1017270
9b3e0eaee0754aa1ba1e94e2c56a1f3d;1002232
d4b57ab2f8b44278bc0d146c76da43e5;1009521
34717b23ec3344748d00eb83f602e47c;1018734
15aa40cb3de74889a0dc9b60e3a120e4;1016232
4bdddeaa87aa45659ae6e93ab209b14a;1006951
64f707cc807440e59071b6768953e1ed;1018102
c66ad09f2e75470397053912869e298d;1015331
7a4aa673d4584c2a8af283311902b3f2;1014232
ae383b4eed9e49b080aaf466630321b7;1000270
63629bf5e1eb42c0b1e3836f8523050a;1019054
556e2f1231d1481986a1e0f0c3c0f9cf;1016444
3d3a3a715bf04d1fa1a2fb50bd2fec20;1014832
abe48b3c03c64dca9331c7a64c11c286;1014437
afb1d0bb4fe549b88b441f0abe8c6a58;1018594
64098042d1974b88864d21338312ec9c;1017784
92c202b609b749f4a714e4001ad24b74;1018105
6ea43824d7f047869d13bb4d997d4680;1019081
a7bb5219363448ca93567445891be5f9;1017396
c578c48774ce40a58cd723c0273db4da;1009213
e1b3f56f471546abbb5bab8059955927;1019141
71861796c60c4d95922b85d5cefeb387;1019170
e961d29513364c8e9fb1f203e9ba29a0;1019059
684e240575b84141ac620aca6a365b2f;1011345
38e46d69dadf4353810a972fee9a8bca;1000943
1e1674d66232489fa145fa38a83940f2;1000969
97bcc900138c4d0288d1cdc890fd7b2b;1000554
d969d2e569e743b9a93ad681bf1346e1;1000910
ee2f7bc09f554ae79289e5daa27ddb30;1014440
3f2109d3396b4130a93fbbcc8075acae;1019317
f8700fc78e894394a5288cf795007212;1012139
a0cc1b96489746988266e7dc06448444;1001743
a053c43abc5d4027aad8cf60ac078b86;1000945
df18640b19574b4ba678a2e69cf193b2;1005851
5d2cbedd6dda485cb2525c72290a1b42;1000216
d27088f02d1b4ecdac49cb7e3b381618;1018101
d965278bbb054d45906d7b92eb2f28e6;1019191
d0caf1d7518443d19dac187c0c86465c;1017400
bfb64d97a3a140e6a6ae3fefc4348613;1013831
425a14813c5141c89f6e6ec9754f8f10;1018335
1a3c493024e342dd9c1de66141af597a;1019055
cdf996203de1416e96aa7a3014318e41;1019024
f9b6ae39a04d4ab39c023a37f39adfc6;1018366
420628b0997f4dd9b5f25c29f9c8754d;1019123
1469a842fecf417bb42dd01244dce7fa;1017117
48949f921a454b058fa23b0ef708548f;1017563
93229669bf134c119b79d64a2abab61b;1001874
1159d57bb1464de9ba392ad4fbc1ba24;1014231
45aee880dca94ddeb6b5d9c0a491d2aa;1001754
a61c4e54242749549e528a88ee9fad7d;1000666
aee666c9e7aa48dcbc7d3bb986e9f1d1;1017986
1363e2e1b45e4042bb76f76063db89fc;1018592
4a537f2975a247f7927731fa9821d728;1001875
356e4e37d70e4fa9aef720acb82007bc;1000769
fa0eeaae16ed49d8b0de400d2b2e2598;1000212
c9e8e98a8c9747659a86b170a4a846a3;1000909
58fc24d55f29487a8005d4e6671aec54;1000559
23da84b174284a19930e041b82e25668;1015332
f9c1e40371ef453b83b608d877d03544;1007927
c51d361586044eacb13da2b8bb00fc6a;1000767
4ec8d7e35a0946658c2835b050926df6;1000938
242bc046bf634c8a809151cf11f42319;1000908
e5e9e53261cc4643a98f66881d12df48;1000556
8849589bfb9b4452b76be9e655941803;1000389
0425f8bd840943ff908d5ecd914045d1;1017452
506e82fa4e774b74911a405108cefdaf;1000110
0b12c28bec5f459abfb8c0968f2daf48;1001772
b9110a5bf5004e559bf81eb580eabc60;1017985
73d152412ab74d62a3529dc951b9e3e9;1007303
7e86dd6d4ef7434bb61b942d8c71b7ab;1010226
a6203ad651ed4b9ca0169c8809d60735;1003602
c2bc706702ce4dd4bd676c0210bcb6ec;1005853
f8d86b7299a14fb5a1aae634f43c9a45;1006778
858c5f5a73b249dc91c3337e5e435a0a;1012934
f4f08f0776c84b04b2e02b7433a275f7;1012332
a4c7247070c547d185d457b09003148a;1006546
a0fc1f5912fc4be6a2beb9dcee10096e;1011343
90189ada0dfc40059e0a2f239c59445b;1019106
42720d87975549d0ba9c59a8b50fa956;1001760
e55c5f511bc348d28046468a89bedf3d;1018368
cffc3ad8686f4e9080275f7c2fb5f99b;1017123
6d89aa11a9df4321a69e7439e5202df9;1000102
03219efae3e34e5189a7d55e698b5b6c;1016905
be483b27df444b3e91eed14d884620f1;1006314
f3e28450ce0d4bac95a32a759f4cfec4;1005299
d753d0d7b04844638a9006fdd10eb350;1009827
4b0de982abc14b60a9b9cc99241f0310;1019179
8ecb4063e2a24723922307a01bd05134;1019079
f06a0cd8fb714b8e8df99ba389891f38;1005845
b93b70e5e1ff4d8cb9b9b62dfa5dde1f;1004242
952bd97e25134968b6a90dc2695e5600;1016464
1adf13c784474524a956275e53237a47;1001873
87b6bba5025848048de061c599e05228;1017399
1249e2e6afde481a8315684472db47b1;1016468
f234764c120a4172b5eed46c31184c62;1017410
478525bc01e84d3d99c9242e64b11bcd;1019940
6cee597be6a44c4eab3be99b34c8cc8b;1004000
a8f43584faaf4c689abbf74a765a194b;1006080
0e5b917c50c74250ba2e381052b9ff20;1005969
e539ebfcb43d410bb06f3f015e97be01;1016247
2d6a46c0c29c4e799bd646da3e94e556;1004962
9f7ab0146b904f57b1345f78275ed94f;1017569
a768226783254f9492f977da2fa04d3b;1019012
61f299790dfe4c60a026348595db1221;1005847
55230e93b6ce4684b19f5af308f6e9a0;1014631
5553d62b27ae45e9a750914249627874;1014448
f46076531b2e4616bb9eb78b22770489;1017887
ff5538e89e1d48e298af4f8bf199fda2;1007080
20acf9108aee4f8984c3f92ba15202f5;1015833
7a9e67f86e09453e843d74d1f4ef0cfe;1016909
3479e88807ee4cffa73fef06e62fb48c;1005965
68b56bad2c74411cb764b851822bbf08;1003913
ca0100ca45344e53b19555664d645f4f;1009314
bda3a67b28214f0f8cff62ce5a9939fe;1004285
12e755505cbe4fd6be954e0ceb719e46;1019979
fa13ff996cdf4709b9f0dfaf774accb7;1015533
db949bb9139d40b5aab99dd30918a7f6;1016763
1d54fe9dbbd044b09b9b0ce987b91def;1015232
6a5a4133353545a281dee0d53cfdc608;1007615
ac4b43a51ec64a25b89a57a959f2ac30;1016769
5c5a2fe7a49048d485c256f0f76bfaa0;1005388
30a9247e7ee64578a2ce21d7e246cb44;1015336
58330b1328204f5eb7b5f222a224839b;1000233
c21ea8abdd2e48cd9183029880a6d0be;1012138
3f9b08ae474949b89ccd4eefc3a63887;1017397
06f8aa1171b84cb58970a0a309f0009b;1016791
0189f1b343d842a892bb7b2c309f99be;1009825
964a3054e3d74449955c8ae4a469f50b;1007079
d8ddfb671d964b72b257bd534b4af5ad;1018973
12c5e119c4c64cbaaa2c3bd76e20bdf8;1006293
cf43c7830a094f48bddba50accf743e2;1004510
592adb17d26f49cc8b70494b46d25aea;1016445
5f76ef5a67ab47e79e93fb96b547aa5c;1005854
003c2df05de442109cf2c7608ac22700;1009526
df847714be1f4b8cb85b356dc3f751d6;1001880
ed07dfafe4e94784a2f4332d8daba0b8;1018974
84dfdf87594a40eb9f88f0148143230d;1018971
5d53642aa31749d1a396102786fd9a89;1006040
6da4dc5e245b472c9a724e81c3a1ec0c;1012031
517892563da5496387b8030132518230;1003998
54ee3361530b4e28a829a9b92b3f866d;1009527
6cc9eb11c1e5420296e2d5fec5750dfb;1015338
7413792571314dfe824627c1d1b58c39;1019766
f96ba323440e4035a0f963ce7377a60e;1012330
13882db3b8f149468d3bc4ee0789f90e;1007304
32d0e11968cb46e3bb933ee118439dcc;1020518
9676458b67744241adddc8f1eba2ffe7;1000142
b8029fc00a2f4cdd90fc88b2b1bbaec8;1000273
439b67f27f0846108dc2fed58c7d4234;1012331
7cd6145960c54fb3a9c8be37e892242e;1000219
dff3f571dd424c19a6e3cd679b24ba2c;1003294
6fd339f6b3774bf581e050746394996d;1010025
2703124f2686400cb82944c931db570d;1000227
3a006ce1f4a544019cf5461aadaf179c;1001757
d724355e20e94bdcb586f5b7c952422a;1018976
0154acfe32674524918d6b1a7e6ad8fc;1000045
c720c5f16bfb4df4aba22427a6dec98e;1013130
494a9c3f7de64b0698ce147eb9d9b80b;1019167
45fa08e9e79545e69853d17d99b54529;1018104
e6f6b2e8ebe345ebb96405904cedcb22;1001756
b05e941f113c49efa570328b9609041c;1000050
d90b009310084f518af44ac7a76ac8f3;1014732
b1ba98b5d0154aa08dc991a2c42a8ca4;1019124
df0cb46949eb45ed96240d8fe3aea194;1009537
2d94eba86671440b994ed16cfd72c474;1020517
bf749b9a3a1747b1b7c00793f242d0ec;1007301
ed58bd544b8a4c3086249b7f17b7453f;1020555
d0b88ea9b10143f480063a2d1f7aabab;1020619
98822db48aaa4dadbb074c1f5921b05c;1008114
10d1fc916f2f4785899344386d2f6b1b;1005864
a96176229e0841c39d89dd0de81ce2db;1019165
258d0841aae146319ec375c717159231;1006959
39452c92e7be4d50b49727fcdc80f969;1019197
7485a2af52cd46ae96e9b1fae2b4ded5;1020535
7fa9d9386b414f2390808783f359f828;1002677
34976bc8ea76449c86acd6e63e07e532;1020649
27b7a4b7962e4bca8f203926c6edc58a;1020576
28704aca63814280a9a83b4cd4678eb4;1000128
619eb29c580b481da8b36a58ec2836a2;1020651
257ccfac5e2f40d7ad57104510a81f42;1005859
1760e03c1ca040c9bd42001ca5a32224;1004511
c2bf7ff50065456cbf19aee014b47c2a;1007316
43aaad73fc6843b5a1d0774679fff1d0;1005989
e23f3ce85f84488e818e3bfd1ee88370;1020542
486f94101f7c4480a4758b5092c190be;1018092
88cb22171c6e45c1a77dad18f0340013;1019006
4584e244ea42433c97b6df2b56e17008;1020540
3c4ac6d33af747d59f8bfd22ecca1c4e;1020577
31586bbe665a40b4a37c3c2d6a41efbe;1019108
cf282ff23bff40cc8b78e1f38c61f083;1020554
f1eb2ce1da5545a6b90fefa8c39b5fa8;1020625
e90ae3a225e8422eb7811a02e553499a;1015137
ad68917e73e341fdbfaee5f9aed72a0f;1020622
336adca4944947e88b65f1a0ca3711ae;1020522
21d137dbece642349623129eeb89399d;1017121
3d00b2067b7248d6a412c35210f16dab;1010026
e87f2a477be344b4805c4c4005bd9c63;1020558
06ebcf4458f6474ab866c57fe18862a5;1020516
8f2401c41b0c45969b56fa68f167981f;1020550
6d88b21b73cc4ab38d1d9ea8ad7b0eba;1018983
235f5f795d9e48b984c5410cf6cb00d0;1020784
553790dbc26846daa9922eb9a4039e0e;1020632
54b54c6a27644dd9982a1150402c0fb3;1020552
ddc1e6eb640140d3aa189110541dad73;1020563
e4a946c1a2584e94a954800cf82af487;1020606
be3e8e2096054c388dab2a3bdf660fa5;1020024
e52d643efa5046b68ba315f6f106b6f6;1020581
6e39260ee5d14704bafb784cf9935c8f;1000948
c137cc82b9ca419c9a2b9ebd5e503add;1020638
c585334ac9ff4d3c99bcb5a3cca76df0;1020643
85d642dd094f45ccb85329900945dec2;1020655
dba8c20813334be382e5c6407fd0a87c;1002670
07eeb3f02b6a4db99adc4be10da6c6c5;1020498
7fd3e67cbcfa495bb719ccffcc5245fb;1020551
68a21bed8f3a48c6b076c1055c368a83;1020566
1f0191321b3241f08855cb3739866436;1020653
9728a63c9d9f4a8498673f69756b73fe;1020719
557956c1ccab43df9ffbdbb8ba3712f1;1020567
6e8d541d197046428fe7ba7bf6c745d8;1020732
ce61f734d5f445359a0adb5c14c0552f;1020582
9e50ee6e75fe4bf0ad5ed27892b5c5e3;1005848
68d43faf125340bca4e80592bd013229;1020607
972c4b0ff2134fae92738d5072df1f1e;1020682
dbc8826da78f490d8a996ccdb4e65bba;1020604
14f5b7dc1f1b44b38be05f02b0cd4520;1020605
5ef5779157c94338a31e64a53febc21a;1020626
7c9a805f29a64916baa863116b83505f;1020680
2b79c83f353d4b0bb1e1804a6e365584;1020685
d231d60125694e89a6add07538dda16c;1005986
c0666c5605db4dd681e498e889c226ab;1001639
2a47acad48ab48aa91bd2e0471acb5cf;1020609
1bd0909579764a96a0b47c4e82582f2e;1020611
5cfb96f852ee4f3dbb188b5e57968519;1020614
142af160e26d40e9b2fe923b5f04f591;1005862
fcc8bbc7c61f414f8970b75a76e5be28;1020656
68436b1490c44c6998d17abdcd8ec7e8;1020569
e9a205a03dd14612a76bd92ea68b3daf;1020911
dc5b6a029a054552866067ddba242f8f;1006513
6f60522b73f2488088599afac8f08006;1020720
f08707acefae4e18a98e7d375569b64c;1020026
9cb2a5df02a148dc91b417f730b09640;1019973
e2740006b4bb4ca4ab805379d8c5be37;1021043
24382bdb152f4427b442543109f08689;1020671
8e4c746351e64199ad1c8229cf7b67c4;1019964
a44cdfb375a54b0483a264935abdb398;1020659
d3c38900736d4bc7a30cb04af4091df2;1001877
1a4531b0b7be4e048f46f63f52244d17;1020618
1d746103be5244fcba93f41b6847d75f;1020640
6a7ee356f29842f2bcca7c6d6d96b08a;1021032
e40f5f1ff1b64b71a9a23cb59c48c751;1020686
e58a04989393404bbe5e1c24f20aa3bc;1020641
2aec2f3fe79743e899ec12df49bd48d6;1020687
438fcaa7034b471a96edb77cedb66f5d;1020637
8a08d8a0c066427fa4c903dd9043b79d;1020696
34c60a97b7bc4c8387a5ac9fe0681651;1016660
8581501022ff4d579a118efe8f33ffcc;1020692
2ddbcd2fdd0146d8b5c211f1e92e3433;1020699
6d0d6df20d354d10ad99ccfc94f3e236;1020556
842f7b45283f4298aa297989782181fe;1020754
9c85c5bd3b2b40ba8ba5d8036571f16a;1020755
d3441845bbcc47bb9ec5e373957f646e;1020756
62858e7877f949dd9372ae6b987591a2;1020664
bb69211488a548fcb18e5ab36a0bb525;1020701
1b49203f96274d4596efbe2e5508d6dc;1021045
4f86b11d40be41aea7f2901c29dd9def;1020537
77314b9692324bf78f98f5656b4f1eca;1020721
032d605531c348ae845996fac472555a;1006003
80c559fcbd2a447b970a4659bd0125d3;1020912
33119dcfa74a44c28ccd0edc0a5914a1;1020575
2408277855c4484eba75f7406195dd4f;1020657
2cb36683a768428dbff7610253259ac5;1006063
74f303d8beb34c96b1f87c24f02a8645;1021041
ea0ee2841d3f40908aff1ceabbd73438;1020722
d84fe1a0b52e4223b600b78f1f943490;1020536
5b54b19f38f34c1d9ebbdf56d8e70b7c;1021047
e856b18647db46de8ab81bdc0f4e75d9;1020665
5c635329dfa14ddeab10796aca7b2106;1020624
9951494d5e0840baa690aa2223b3f861;1020684
6ff088e7abf24c2f9bae48368a2d530e;1020128
284a004dce1d44eea74010fd49a13685;1020669
0da37d15f8f64dee8d82fb0added0402;1020772
3e7df038421e495fb0eed0c3ffcb3297;1020639
dadaa4c1a3114d98a14ca99e2d4c6948;1007614
8019039e4c43463298fc288c31d95d54;1020782
aea527c0a31446038d986767ba428f8b;1021031
8bd24e0fe6b24657a9df10e82e16c3b1;1020627
c7a33e2e6677488f8e59f4be37e55767;1020574
d77f206fe6a9431785bf2529c70ce85f;1020917
db849608a415413ea7b78ddfea44582d;1021056
0cee13a731a6405e88e074016808c1bf;1020538
a85469ba02b64e449cc53bcf550da33c;1020723
885a8460d2934171be60965f76deef85;1021071
3fbb025d6d774c3484e9a291d717be22;1020901
392233e5587843f6b3dc9c76d385b87a;1019171
963ab0a82a7947d5b0cf4c75c62d5a27;1020913
192d19986081493ab81ab2defa9cf16a;1020636
16fc9a87f5c647e7a1958f01bebeb12e;1020887
22a2494d0f6341e9a294edf86954d2c9;1020898
46ca4adfa115463cb548f223a041605d;1020717
3cf8194592744a44ab778b2e48248785;1020668
fac308dbf17648bc860596a2b3475b70;1021035
5161865002994287bb1de8e4bdc985b8;1020916
80bd7194d8e24a74a6f05dabb8623068;1021078
6f7996cf080949e0bf65dc91b3dbbf30;1021033
c166b16d9eda4933b6edddbad855124b;1020683
2a69d7fffb6949bb912e22daed2ff0e0;1020714
7038fd33ffca4d7b98a6c20005a5db34;1020760
25973f9498d24b7d9835fd4ea2f5d55a;1019941
bae359e0dceb4b1b823c9bd1ccee4871;1020890
9fb15b8a690a40e387d091d21a2d3a4c;1019193
fc0f845b587b448ebed514e84e8f3dec;1020670
5a1653caad3c46488031f32c7c5a9e65;1020915
37af5bbcc9f349828e826c84e90c12f1;1020718
7bae7b29b5a24382852813657c41d9de;1020899
d9ba5f8bd1d248e4945882f036cefba2;1020633
0e66892facdc41ae8273e44608956288;1020914
c0e7236e9a07409596dfec82824bd978;1020596
4d07a4c0297c4b858bbf7a06238561cf;1020900
fdd1bba526434edc96d56cebfff24d29;1020910
79482895db9347c48fd8e548327a4194;1020666
25d90d4239c349c3a9ecf35f8963b316;1020891
6adc4ee08ea247f9ba484c7f1a157a72;1021280
0a4a3f4b69b64b9f9beec6f5c99c8324;1020673
87c176ac69c54057bd5b46f64bb9b947;1021030
e0adb592040549f6b08a585841e8134e;1020919
e29ff059d8eb41e4bc0df5c0dd19bbc4;1020672
ecee100105af4ab28d5ea6cb3f223551;1020675
135e47b12f2f4b82a84ce2a105a0cae6;1021039
e3e2ca5c4d9a40dc931c7e5c0b33b3b7;1020713
f7c277a3f2cc42859738321dd1ab9c41;1021048
e5d0c2324fd144a6bd9241a7277c9c09;1021042
8b3946fe0d6a497e9a26e18defb8db73;1020907
7dce10b283284dd8a809be8f258f3fe1;1021049
0245ae14076a4da1a5073c390b72a038;1020704
5aba966f2f634ecd9d48f46791404475;1021073
ffb1bdd1d1e94b758adf557927d746b1;1021248
f323affad4a843d1a6271b85f3b784c8;1021274
9b0da45138cc4e19abc1cbeb0f40274a;1020712
b79a5ed2e2274d14b0168302d03f1d2a;1020129
0f5baff3d0d34072ad8fbc26c6060486;1021034
2ab1dcffff914639a3cf751c47f54454;1021181
ef01f79be1984907aed99b7ae8e13de9;1020892
dd2cc8b385ec40b98fbb2fc5e1c3ab49;1020711
ca09683c76af4c76b723f64587a0e44b;1020705
c0ab1dba795840c5b66916fba0e8d18e;1020716
4a003fee21664976a4de978e59dbd323;1021068
6ebfaf7c9412473f882199a0e2f3dd24;1021193
0243c3a435e8493a94c22a054eccc8b3;1021226
1c6eaa469e7c45bc8a8d95499725499d;1021255
87661230c0b64878bd2de518e0375e6d;1021040
f9116d076b3c46d8a661ef1506dfbf8e;1020759
2d4b06293f914051856821f116414e31;1020603
d92cbcd078104d25952f0832bc161a57;1021380
4e10cd37826644379af4f176415e8bce;1021077
60e5043a5564457bb6cc1f85658a3652;1021182
4785894699cb4802aed5b1804988b07d;1021076
08e1f2abf14d4109963793ab58ba7391;1021079
5791d2bdba8c4922bec6722e292a98e8;1021044
28c051ca2d1e4a2b83b6787015738ab4;1020715
26c81c9ffbb747b1864d15855cf4f987;1021247
a8b35f0b58264ded9871c1122a7efa7e;1021273
4f66e04cce3346e1b258ed50775e61e6;1001876
490c80489f464b9d9824bee9ad975458;1021253
44831d69acd845659daa7a9cd35f19cc;1020679
03a253c636124243858b5fbb4d3a5d58;1020918
dbd5bd674dfe4a01a6fff213e46863cb;1021243
db6ef4aa6b6e44e48695acac6e2b6b38;1021183
12c197bba8d14be3855af0bfd9c77001;1021254
541fd58081cd43b7b2ee1a914eaee4f5;1021250
d93ea830257a4bfdb1b1a86bd7508d8b;1020762
2c679979c77c4cfdbd042afe2da03050;1021184
7d375fb9d03e402bb22c8a0069b05e50;1021385
ec4697dfe5b84893ab5ceb1a1eb741df;1021290
c36a4ff07e214b4fa368608b0215a2d6;1021249
58204d0c2a4f4563a07ba40b3d0aebfd;1021291
4a7f720bc01643fe8324f57de5c9eb04;1020770
746c09322775462396db00cfe5b1c288;10741
5502fec0c2b64f40abf8c0185502581d;1021292
93eeee53e03f46dfa3fb95becf1b861b;1021281
08315a8326704b79975ae031d712cdd7;1003925
6b0299b2a72246fc8ea5f0211a89c5d1;1021198
f66e2f5c50d443f294b9cda861c3c3eb;1021483
2788bd0194084160b0274be132722d31;1021194
f1c693a69e8140d59d0ab178feca401a;1021289
b6b11c78a48c4e9f88c3bf708225583f;1021203
f55e3ad725c544fd93db8019c01bbd6b;1021283
826f45e588c54c2291c1177b34434589;1019543
eecfa36015a24a4f8759f0f432f303fe;1019091
9b9a0c48e73946a88d7192d9aa8e44c2;1020354
c448b77c8d8d40d1b21f3f36c113e233;1018096
fd3a6c222ebe45928df69cece2426061;1020345
46a00bb868b8423cafded0d16ce126dd;1019971
775fcfb1993a4e69af61adf142e1d97f;1019798
f4b0927a4ca6432caf0308fb64fcb434;1019767
ffea787e269b41cba24c358ecefed9f0;1019090
3a7a3dd8f00743eab66633bc11a79983;1018327
67a47fc84e6d4fba959a42fe6b55b295;1018328
c5bca09791224e6187f7e2e55c2609f9;1018378
c1153600a0fc4f288ea7436db24c1341;1016768
add58a6026b8411c9dec0872d8de4fa2;1018379
bd85812c652c4adca4195ba029d69eb6;1019093
8ebe6953e38e4c3fbc4fb1492248ab2e;1005303
c58db8b2ef8045559c855735827fa14d;1003814
1aeff1689572494d9f1513727c605c42;1004096
0c1e0e7bf8e94a3581636b17fe57c44a;1003597
449c4ec798b24b47b3895816fb9e54b8;1002251
7bab6a33ca4c42ed94f024bf1f1f7b0c;1002130
c96dc790c58d457ba13b8dfa06df2dcc;1001759
d123a4765f244e2eab72195edae35060;1003713
b2e2b43b6eab450299362a1ea13484d9;1018349
82eded2949c54103be51d6dbcdc28697;1018351
e4b26dc4ae2d415b8d935b02dc75a869;1018380
37c70b2c91964494a183b72f1d7c4264;1018336
b52e0ded2bc946c5ab5f376a0408d603;1018320
7127b07e3a4e4abfac5af94b6e682aba;1004932
402512c4fe68467bb35dc36cb5da948a;1003604
6ceffe56c16e441ebd7da04ec25614d8;1015733
00a04c7d67db4d5792c482c791b7d6f1;1003091
d0ddcc9563ee4efe8ef3b1e102d8c2db;1019048
a31dd2e18d1b48d49d519d25ba453d51;1009315
9202f3b537a34dcb9519ba2abeca580e;1019325
23ad0fc4811f4f65965714185547a65b;1018385
496c040025db4aefa11e31dd166966f4;1018591
eeae0089e2a442b8b7403f493961a149;1018500
4af5cce0a2b94820a7d870049e371aaa;1005964
b4858884dc944f748c4dd69484ab95fa;1002271
8e7dab76b6bd416c95bdf47880b50f80;1003290
9177a6d723fd417e8a4a78ec13947bc4;1017564
05f97af14f4848f983e01ae0ccec920b;1018381
bb28f9c40518460694eb1f02ff6e7923;1008713
1737b8b5ef7f40e1887b31e959c70486;1018099
65e95dfa7ddb4a9fa7c95766a47212d6;1010325
7794166b42764f809d3132b1da9b7934;1012131
579e4bd3a0af4ef1a9f9ef2d7795a3a0;1006782
b31689c589f8460ea971c9c19972ef26;1019060
5a4626f7a2d8475cb0e328cc147dbea1;1004951
e16c9fbae2f04536adde0fff8c80edfb;1004111
c2c9c42284a34def990771104b2af082;1000266
d646687d58304a7c8e0fe3bb51a9ee88;1007618
0a0332c7d7b74db0a972681c8af4ba23;1004099
29a5cd73caca4d4aa07daef065dd837d;1002131
5fb2f762d1f14707ac1e9078817f31a7;1018100
eb59a0e01e7a45709a563bee42e00eab;1000103
c072a7b089d741438c7aa8b3c2da1639;1018324
7c0756f2ab9f46809e5d4c01863e904b;1018098
e8d171bfb9504f6e8f3d769bb58bc9c7;1010531
a9e24c964a09402485ee5ea548fe3d6a;1020617
086ba454a8d548f6bd1259c9e9034037;1019773
1493c058934e450987010086871f99ac;1003815
440a8bb3967e48669666f0f5b61612d4;1002253
b8aaeb91a42a4a58a46f79821e0ee223;1020530
e4599d801e49459fb6092b6ef542ea2e;1006515
938e8db150b64c6ab937b942a7a72c45;1020531
eac3c7544b794c5da1d007a3e25cd9c0;1020553
97970d17d1ea4a67b040c7be2a2c53c4;1004097
b13b7d4102df4e30914ed549db2c585e;1020533
222f8dabdcc543d7a0c6a569b6bfe21a;1020580
1913b364afa64ce6b89abc09ac8ea554;1006183
3d3e1655b8c147b08601ac0ddbd73742;1017274
c72e1bb58f5b42d9bb99851250750d86;1017128
f91b085e1d704bef8e47d562e893f445;1004252
5d19097676f64a7b8beee526ad5fa662;1020494
ec9a671530a64e2aa9158bb7299ac1fc;1020689
0daf3f9aeaff4f02ba7e8c7cc5b00af0;1003812
3c708612cf10428aa387b5ab7c36ac44;1003960
4cac929f982f4eaca868d4069cc31a2c;1018384
e982950a815f4e1ba670244cf9a23b2b;1020532
1e7c5f769a5747c78b93ae0467f6d65f;1020539
d5d4edffbdd14532a36e0a01410596b0;1013432
e99649d64c32444d9456ccd127e28369;1011030
74658ab9ab704599966926d556b5dfd7;1004259
3298d4ef9d85407dbee72677bec94c7b;1019116
4fce63210be9450d89046994a2d0cc26;1020565
58219534040742e98755b93e3ded21bd;1020512
719fc3770a5c46d5a3e7c581fb4029d4;1020648
f0a97ff6d36e437599fcc8152d4d765d;1020702
cd9ca04f6a56482183eb39227d17f6d0;1018097
0bed91a2dc084dc784a6feb437cdc240;1018331
602eb2865f64416f8b0b834e2914a229;1003714
e6baf948916046d2bcc1448b6add682d;1020616
b7794284ac7043a68e223b27656fe00f;1019310
cef617d27e8f400793f680801c794b6a;1020631
77aee3aab0de45e19467d78ba0741872;1020615
96107fccc85e4d048f5296c13753ddbe;1020674
35524a055e2248b58d145609920b4279;1016337
aa908408649f473a8cb04e1ec3d94bca;1020897
d9be4098f8014569b88ba80f900b0283;1020691
7953f69e6c1a4994bc9c9e6ec3def087;1004745
df7c29a291654ce6809cb67444bb4e0a;1020525
5a0241f36a484060a0468fdbde2dae85;1019448
87f406c679914df6b13c45e7771d637e;1020578
a2a124f7c2764e1990d0ddd3c4cc10cd;1020599
3b2236db90e548eb859b2e0e0bf85a82;1016790
baa1ee8a6922429c8591d4752b2730be;1001881
b7ac0c028161497ea54f6be7e6247cfb;1020728
c9de44a0b58546e9a677a1c768b85871;1020134
715202219b0a4ef09f701370140ac7a1;1020733
e1fec72eec3b4da09510e816a3dc4026;1020761
4df3ec9d0b6c4ade9952170e3d85967e;1020135
a8380578a67e450689d89c541aef6a8c;1020894
5a25af79b4284b3d9aa7b7fe523fe821;1020895
16c41d6bce044d18ba481f14478d243b;1020491
1bda8fa16519443ab85cf30e45d60f93;1020527
cf56b8db4e04412a99f0d5cac592094b;1020528
a365cfb178764271a2f6702e0e2257b8;1020893
eb2bf1d83ae64a8883bf431c096409cf;1021082
9f9d356514de47d7a79234b7dd0a13ab;1017432
913b3032577c47be95e9231b0af4ce3f;1020908
3d87a26ba4754d2bb3039eafbd997eae;1021269
99dba543895d421e9923d309c14c02bc;1020529
eba333517b694010864c7b468b95853a;1020896
8ad5f57b0d79420f819c68ce3d2ea99e;1021272
7b9bf8fee0dc4cff9417eb3704a8f451;1021189
25102288fabd4f1cb340e69505ff9559;1021267
7238aea95d184e99829dec27308e5c24;1021268
7355930260f44688b3b5d835350a774c;1021075
1b84f28f35fc49fcbc6af9d1a1b4e340;1021264
0161e4168a054c4b9cff9faf51bbc65d;1021052
d5d9dd39ba964bfcaa85314816487894;1021262
6c07839a1cdf4390bf2602d423bfd04a;1021263
5de83577248543e7ba050412dcfa189f;1006774
6005d276c08043d786f8ebeb94824e9e;1021190
0170d102753d404ab225d3b12f8b6804;1021271
bfc09eb0be944b96a70e83a038b01244;1020928
61c4b020036642728677e16abc13ea8b;1020769
642d0c41295f435381a5461c0f3f9741;1021270
a3e91c8c8b8a44cda0f186c5141b6d05;1021293
44714679f54e4e0c88367d66a4601be7;1021295
178a79b10ea94d5a84030151199f6d74;1021294
6713c3ed694e42638304ab620d66781e;1021284
b600e15ce6ba4d56a163b200ae1d1d8e;1021241
cc355801804847309b68616c1f6b2b37;1012334
72c2d8600321447395b296b452a75191;1021266
034979e6a85743608244fa817d9f5f76;1021265
e74da0f10dcf468dbf810bce93e1b0f0;1006779
e7229cc1fdf94e3bbed70ffac560892e;1021310
192aaacba78c4bb1820c04b17f2db323;1018978
845997bfe152434cbbee4b902d65ce81;1018106
40a7c5f904d241cb95c3f38fe964c154;1015031
d8b440d1b8c144ea914864f07c309881;11932
00eb1075b27446288280b9ccb8bc8019;11941
7ed7cec9330d4190aa1e94a16a202fff;11938
094e83b075c245ee8dc935fdfad01805;1015735
1c10f454b1e14f1fa71f334c89abf5fa;1017116
2fdb831ab31f48d3bc7b5d6f7fc8eecc;1015538
f73446b6ab5b4b0fb126d97e86023345;1020703
1cba48e1f7db4e2d8bb74104cbe3b043;1006953
90feb5bb583744468652083e49823909;1020706
726bcb954e454d9e943635841898a134;1017268
95b48be5f7064ef98a55c890bbd4ad2d;1020600
c45864b824ef432092d919e12c115692;11937
b88aaf7c56bd4d33b28b5a0ec157e0dc;1003599
979b89978991476b9dc051c1c995ffe9;12068
d52fcfdab3894c9580ff4fef4c8bd6e7;11940
2a29c80e2a7a4b73979c605094355aae;12067
ec3e86adb2c74007a4e39e0fb5e23f79;1021346
d28089ab00c044209eeaa8b6cf5fce6c;1021382
f246f15f30c14a38bcc5853d3953fa78;1021381
b6bcbc529154479b8b99119c5f7839f5;12104
de5ebcb327204df4876aeceeb13f03b4;12105
75b0caaf6ab544fd860a3fb18c81cf99;12066
da2a1750be984153aa952953f0fdb99b;12106
c048a601be8041198e98fb6033f5d144;12107
f0cd65963f334549b2d3f7461b1f889c;1018354
3ed1cc56ff734b46959671f75f60185c;12135
a73ed06b0a2f488d995ae3c22a0e094d;12137
079c4eeb57b74ddcbe071886f6936e46;12138
5249da4f8f8647408e7f7c221167e229;1002689
e272ee0fbd434a309955a8a35dc10878;1020476
29ce8b15ffeb4aa0a95fc7775b13d763;1003498
6761e39f247944e6a54e316880d0a4dd;1020753
c22009697c2e48249a0eca8a59170ecd;1021333
96b815976c224c5aa316e93bf8677da3;1021325
7a76fd5632674433b9c8f8824e10d5c3;1021298
022f1773a6ab4f46ab411975b796a56e;1020645
0cd8d430bfa94844b443c36844cac6ad;1021336
87371ae866e246879d88cdfd86ad48a5;12380
365c4b7c455f4ef8b5275f497b3a159f;12348
60999c8359f84e22baf38a42d50447b0;12375
024790d6d2bb4e8089c4283e21585956;1021354
b47709990e2e43d6be95cb8facd81610;1021348
af75d18741564afab6c3d9eb2b92120d;1020724
59db956b298b4eabbf10da03a1ef3eb9;1020725
9a69aa2f190f4581bfbb9f89a3d5e14e;1020748
e1c3886a769349ce8d0e1555d23bb409;1020726
3bd7b9a90e814c8ba60782877a5a826f;1020749
f155b40a8d5c479990b802a36ab0b1ba;1020747
d3d4cc9cc4514154a7df0f0a26b2f8a0;1021306
bd03b543f99f4f5aa80790c04fa00ea1;12505
b07dfadd20434d67b418e0bff5a93051;12492
11914711987c4826b730c6fc81101a3b;1020734
6e6f8ba211774bdc9d4c806e024b445b;1021393
490c480d97c54e15ae60e8088cd8a9ad;12586
a0b4cb9edb994bea8cfe133bf793ba4a;12587
4da3c5e27c01471b8fad81720f4aee3a;1021237
70a61e4abb23494391e8f9b3f0ce7b68;1020690
577ce46d25964370bf9ed56293b4035a;1021394
e25f3ddee9104d14903929b35489a724;1021357
a8435a2eed8b4bbbb6b264b5381334c2;1021395
ea6d41e11c994570a8e78ca5f535169c;1021364
15391ab9db05442e9f1f7b654a6f91c8;1021405
440261d5ddbe47d08f30c6e678814ff1;1021406
2d39b1c4cfa74c258a3de0fdad79411a;12652
417a4555747b45a3aa531f3f43545677;12653
2bccca896e0d42c2ba7085280b7ef594;12631
fa5562c1f39548edac76ac1cd7e490aa;1021403
efac9033015f43f6aedb71cca4e9a499;1021363
c7a8af677a0b4e2a8f7bc0b61de6cf30;1021390
150df02b833a4db4a08e0589c3fd1f14;1021439
580845c8e4af4a949048564d7df13316;1021438
5c10e79039c447388f652a094d86c7e8;1021436
8fb804e61c0d4246a428eb0353164fcb;1021432
a802c2db445945059849a3508fbe741e;1021424
8035170d4e0a46c4b5b293466d67e5e0;1021433
d4372c194d884499ae74a133e1198c31;1021187
61121031189c47048104cb9f490f97cd;1020731
f5f719ee66b1441e979fd1fed16c7df3;1020514
679a8521d8bc475b9ae464333a051017;1021442
4b2ed1a34f1344e59eea2e7b725ae9e2;1021415
f19cfb2e37c44f229045ffebb5bdf28b;1021443
2f7c25beb1a14eb789aaae8ddfc066f3;12547
32951a3a0bbe4a9486dd496b600234ae;12549
999e564bcbde4433942d0672696b5fe6;12548
6172a4fcd886495f8e9c392f627b8a8c;12748
fb22da9a5c1c470086e8b6bd1eacfb92;1021453
e32bcfa051994a6bae0ea87408bfbc0c;10739
e8f3379a3c4d4cd3a54c93dd2ac500e0;1021446
0b4838fa9fc24b62a62e7044fbfb346b;1021416
000692045bcf442f9fe8f00de709eaac;1021459
1dbcd91ddbfe4340ac7c3e66d16f14af;1021482
12e6986333694e8d882a83ce8a5dea8f;1021464
2997c1dd9125411689073c7bc88a84f6;12841
e2634a36c98b40d8b474c0b4aa239e6f;1021449
693817b1fdc94cccae78d959af90b05c;1021493
381dfb406a22432abbb31444fca13af5;1021498
78bc088d63644f7cb39a911156c6abfe;1021499
64e3120df0554781bb2d014acdfdf058;1021500
2d804859c6bf48af886cf75810e6e0be;1019965
a07b048be4664c66b318aec6c3d8881d;1021358
6c65dd0296c349239745bf823b81f4fa;1021501
cf244cbd993d49e3af74f885e4d88e78;1021502
b97d1b54a12a432b8c156599b5d67623;1021235
d0928b148ec24195b51d6f9101ce05f7;1021347
226c6c31026749e3a85752d827fa441e;1021360
e4d1c6dece704155a96c052f61bd668f;1020926
2ff760fff10348549a82bda357492c7e;12896
68634f941346421b9644facedf16e0d7;12974
4f8a4de82ed044ce8db0165a6a09a751;12988
86ebffabac6c44e8b06c39a411d4cd62;12989
e43ddd3bdc374a9c857f36742a2b3fab;1021533
6c1fe844fa644ae78ff60d34a5ea72e3;1021419
68b6d7f9bfbf40d8a0ab4f2e3a9d0c5b;1021656
350eab566d844d62afa077522987293f;1021646
b8bff778a2a747688a3f612f7c272dbf;1021675
819e60791943451389e0f9bd07e43b14;1021674
4fd39fb5ad904f2698e9359d9ee9f2f2;1021671
c826931a606f484eaf9638cb2db607db;1021640
a40d52c7185a402c89030f5db00ab61c;1021658
a414b1b70191423995206a79c70d2e38;1021659
5afb1b5e23ea4d2c9946f3fe3a748504;1021664
5831e367b33544ae8d31c5f96c256e99;1021662
e5510730808144038815586f62e353cb;1021649
bb97ac900ac74010bd12f59b09c644d5;1021666
37d0a160acfc4bf8b157ce1a16acd583;1021667
1d534d59dcc44a098c0ab22e258234bc;1021677
294479eac3cb4268a70fabc5f6f87ab2;1021661
91f0f43de94d45a0ab701714b7704e31;1021668
7e6fdf85f91b4d74a9fa8438f02b1a65;1021665
5a6bdd6e35784bfbb2d7e493502f276f;1021530
00425c283da9439cbdd0700b343dec4e;1021531
b30876a87ff04faeb3b2d4a2e4738385;1021655
c4753180fc684740a6b408d078bad1fb;1021509
9cbbc78f4ac24d8791c1d03db7d58581;12979
dd4628f25c8043d9988f90f2aa8f8f11;1021685
c45f6e891e174ea3880a072040ae241e;1021672
3f78cd1e41804cf98652e5e3ab32c436;1003192
128f1b913ce547178484ffdd5c1d9f3e;1021687
d9b5e99749ab4e34ace3ac1998789d9b;1021686
d5f87c7b485b4bfe9baa310bff11ff74;1006950
6e767b3523304356af5007777a3415ac;12905
4cdca9690edc4ccc81c3e2fb43ef914c;1021506
472b52f15ffd4832b46c25c4be11d3d8;1021524
71cdca391e5c4650b888f3247e4acdbb;1021651
8a7f8003b56a4e919a1f091a0a30e5aa;1021692
2315159315b5402bb5e3769a4e6cbd17;1021693
79f4b6573ddd490d8f1ecffaba993913;1021681
afbecaeade004dfd8e6e648b4db8496b;1021682
7408c69bf74e40a89cbe29d71869ce31;1021691
1f64309c546b430b9436760c95eb3674;1021678
0ad9f68fe7fe40148c9611d3f408721d;1021703
1c1109c4364f4b13a4cc06a1dd0b0ec8;1021441
c176724e04584294b03d718fecc2d0fd;1021710
ba71d2753c7d4b65a49579cc7ca2c2bc;13332
f370b1b2cacc48b391e8a454c1a17266;1021718
8b2bdfeabbaf406387677d4827614cb5;1021676
c9b7633830d3465caf879d36e6e4c411;1021722
e4d89bc0ef7f492f91c061142321dce6;1021724
19a61146188a49e49fd500dd8895306f;13309
4d9013034fe64474bcdb5211122d62c1;1021723
2544309082864adf9489b51d0c444000;1021733
b5d2c8e40319445baa73219c0850c228;1021730
36c93f06418d4e8dbd8d178eceb73462;1021731
9aa51cfd716a4225b7b0ff1b761dafb8;1021732
b62aca64fa184cfc93606162dec19018;1021734
e4a4a7cd5be749168b8fe2c10eaf1a34;1020927
58ea273322c54f019bea15d17f4580f2;1021737
78ef5b93d79f4532bba9d1324634af34;1000334
b2fdc31168154b00a44e08b6fd6e3a32;1006060
8572db759ddc482fb456bb2ee3903463;13524
cb72829e28e648028e58007131b40d12;1021744
fe86ec39f2c34a149a7fb4b8bac2883f;1021754
f2424b090ddb4b879d6cfefe4513592a;1021746
095927dc99924922bc48d0bc1e1c27ed;1021756
71a9214b838542cf8e634a7275d4cb3f;13556
8d4668f819cb48a2b448e8e8ad60e473;13557
bb7293d47b21470b8c5dccab9630f805;1021701
83e73cd4b98147c2be6a51954bb75027;13655
0b7005f84ce0455489df162552033d4d;1021758
018ee126475270bca7e018338a1ba609;1021755
018ee1355874734ebaa63ce652fef8fe;1021753
018ee147513073eebdea8c5d975a3ee6;1021757
018ee14e9368733da24efd8eef05e075;1021729
018f05926ace718e8c045feb2521770e;1021761
018f28a1b41b72eea864a23f8aae3a68;1021690
018f28b0cf9c704181f498e6a97f1f6c;1021680
018f2a34ad2073daa58343694e71c59e;1021762
018f4cd918a97173bf4d589004f4f416;1021697
018f620156f97234a9bed8616b336a19;13970
018f7198d5a973aa82f21ca46e9f9a50;14008
018f75f59f4372cab8481c8cc70e94ac;1021696
018fa53d0b217217a2ff0d28d1bf2462;14158
018fa540faf7713a9bc8a1e6988d990e;14159
018fbe0349807232bff9845112e7d6bc;1021764
018fc987164d70ba9460b03153f5b605;1021780
018fc9880d12731095ed2ad0ac3d2dfd;1021781
018fcee7c5db7278970321943d353fe9;1021797
018fceecd2d77165bbc16efeae8f6958;1021796
018fde0d702a736a9bff03e093f665e9;1003090
018fe2b0ce98718b9d37f444e41ec4ed;1021783
018fe2b0cff070708356fdd70375e667;1021782
019007126e9f71c98ee63ac1b662a10d;1021794
01900ba7aba2739e92be76945a2b37e2;1021798
0190259f8cfd719aa27ceed800d1928a;1021698
019025aea665728c8201a570547fb968;1021770
01902bdbf284735fb903e8e0ecc6d4e4;1021815
01903b1c7d727343a6dbbdc4f0d5638c;1021810
01904996e85d7393a97e87816b886c5a;1021784
01904e18873573d999e2631b592086e8;1021818
01905463dd9d729081bf8762bfe933d3;12975
01905defaaaf7323a18f5e0645fa60a5;1021765
01905df9bc3671efbc98c1fd2010f0d6;1021808
01907dbdb46270899d4c61ac02c7bed9;1003390
019081d6eb137164b8f1b2c5361f6363;14498
01909160a31f70ebae0c3eea34500050;1021834
019092df37e17261ba6c42797a4e8a9a;1021831
019092df3c8a70768e85a10887e81c08;1021830
0190a11d61bb71008cdae811aacba254;1021791
0190a3605e227161b74e97647449c97c;1021845
0190d9f47a3a724b9c55dfb93fbee683;1021721
0190e8a17282732980700efbc070813e;1021848
0190e9b65a53706fa4a56bc67a391b5a;1021856
0190fe35ce8d73029a3964227538bd72;1021843
0190fe5e19a670d28cbe28f21d4b2e02;1021813
019108b8ef10738cb6d4769fb07ee275;1021859
01913159b3f371b4ad1bf7582003b077;1021766
019145b63cac70c080f7dd7b87af469c;1021725
019145ca87e5737e9b92b3eac466569f;1021862
019145e89d0571c9ba937f52eafb6539;1021726
01914c33fb1d70f3828ec82d4f66d7cf;14806
01916f9579da737084e5c9759a9de34c;14813
0191706f89a472d5b9c707b5a664a56c;14865
01917fac756e71339d4dfac25bb6154b;1021850
01918d7c18a8730f9881bbdbab141273;1021869
01918d954cb972f0be5a48bb1e83c38a;1021866
01918dccb931736ebfb623db3c127f33;1021865
01919d02dea67059be165517923ccd72;1021841
01919d07ede07094854bfdb570a0ee09;1021842
0191a3beaf8971079b1d9c0dd3a04a31;14430
0191a3beb8c572528a570435a85659ef;14432
0191a3bec7747024b770eefc127be435;14433
0191a3bed06a72d1a8080ece36fd0661;14431
0191b808355c7257811ac3275b624361;1021870
0191bcab67d5730c83b25d56300d79c6;1021884
0191e0e20ef4701dbdc812b2bc559163;1021888
0191e5aa0b5471e2805b24c971665220;1000060
0191feb01bdb72108f3822091f3455ac;14584
0192095f961670ed93f76b077cf32995;1021883
01920ab0b10c702c82027426c51758fa;15115
01920ab5c31d703b82fcf3038db8bdb2;1021882
01920ec977857107ba22bcd375c88e33;15118
019222e9a55371cd9e5acd2590bb7676;1021905
01924844aeb0702eabf340b86f640cb2;1021768
01924844af2e726a8f95e087122c3bfd;1021767
01926631c92f717db5627e8ba3708126;1021889
019267ab986d7113988ba1eae3457662;15112
01926afd42fd712184bd7977754ee10c;15260
01926bd8e06171579e2fb23376f44b46;14829
01926c65d89570e482406f6f0aa8fd8a;14999
01926c90e4ff71cbabe72900ee74a11f;1021918
019275660a6673cc95d743a96e10fdc3;1021880
019289f2cd2172d483da676ac6c02aa4;1021887
01928a36b77973c88bc8781aeabfcda6;1021891
01928f214ec3702cabc44a5968df3c31;1021879
01929419dfc6702893ef3b0077484c48;1021893
0192943b512f71b1bea76b010745f6f0;1021901
01929441bec972b990e0ec088ac547b1;1021902
01929446ca0973d7b726ec9442d2a5a3;1021903
01929e4dcf3072efaf11a366517b35a7;1021907
01929e593dcb724b95984075d0359ccc;1021872
0192ae539cfc72f899af8d4f90cbedf8;1021917
0192af88c0c47133a908671e4d884b33;1021904
0192bd52894570d0a124a0fb5da9dbe5;15419
0192bd638e1b717fb4548f3a2d7077c8;1021924
0192e2835ace70d7b6382d86a73710d3;1021895
0192e2aed9d47105af138871a7cf8ec7;1021851
0192e2ba566873a5a51bcc1f9741f9e4;1021922
0192e2ca933c719a878677803a087ac6;15495
0192e6e8dc5c7037bc1c12c541c576e5;15573
0192e7542d4a711c8af16b42db0b89cd;1004948
0192e82a013d738d961069cab18a8edc;1021929
0192e82f0d67709db6b548715e08768b;1021932
0192f7a21e247021ab3788357d8c0547;15586
0192fb4591a770fea2ceedcd47ab6830;1021720
0192fb62a41073faa9f816d4ecdb5f34;15588
01930af925b5733dbdaa64382b2c8138;15657
01931bb28b9771638a90543b8e782ae9;15504
01931f9ff49870f4928bc97af0923dac;1021812
01931ff9e55073b79c7ca243b5f66da4;15705
019324bb666d7170a018265e0b37bd51;15598
0193730c28bd71dc908af50eb280ce32;1021934
01937349cb4d720eb0c9242021cc9f5a;1021940
0193736dc0b070bf87f761118b3d5a03;1021941
019376efb4c87117adc51b828da8001f;1021899
019387cdb0ca72e6a731bbb70b93dbc8;15976
0193aaeb1d707335ba7738def427e842;1021951
0193aaeb1ec573da8721de499ff782f3;1021950
0193df27af7a701f93ca73f91a5afc41;1021956
0193df3c1bb97023bc37585b08658520;1021957
0193f2ffb9087092b5b9fd880db7c2fb;1021873
0193f30708ce707699a155f73f7ef2b7;1021892
01943b21244570599c2d4d5e8f053989;1021945
01943fb88c2472df8b8281d4ba8cfd56;1021953
01943fc971a7710db8e6206fcaa80e1b;1021938
0194401e18db716a8f0e9ff51b6b7b39;16182
019463b5fe3773bb848e6584d94069e2;1021967
019463dc6cc570bcbb4d421865ea514d;1021973
019463e84e1e7149b144858adaed3316;1021972
01946595b4bb705ea806dbc7a0a07a83;1021969
019469167ade7125a0e521f44374fb9e;1021970
0194883573bd70ed808b8b4937d0adad;1021964
019489423f00734aadcd84f31a7ee4b8;1021962
0194abdffc7c710b867a7f6d9145a2c5;1021983
0194abe4fbd2710e914d257c623fe477;1021936
0194b7db6f1b718e8a8a920cb0fd901e;1021988
0194bbb6422873429e2961a18bb8afd0;1022000
0194bbbc9d8e71f0b731c3924b3a89eb;1022004
0194bbf9052771f488df574430666e0a;1022001
0194fa29443b70669bd049a15a8b2457;1021974
0194fa2f38ee727b89ec852686f7fd2c;1022005
019518785eb573edbd3b53431eb7991e;1000213
01951d754c8473998a81f58393eefec3;1022008
01951d84de1b70659bd62090dfdad2ed;1021978
01951db355b7712691a1b58577027b8b;1022010
019522a0102b7390a5ae19076a5183aa;1022007
019523bbc67372a5be1ad7779399ca40;1022003
019523c0d38d71678cb06c019d3d7d80;1022002
019528c8a7a5731ba4fee521ebbbccbb;16737
01956016bdfc70ae8bc94339275f6e74;1021963
0195609c82f872119e5c57bace93edc2;1022023
01956a7de36072d0a310ed0ad542a8ee;16751
0195711d1151702983719a866b320841;1022127
01957fae8c6870e497ec317c8ee334cd;1022124
0195a3e3e2cc73ad89cfff4932aa8449;16989
0195a89d659671a19be9484a5862e48e;1022017
0195a8a2a0f77130ad98ba1eceb2425f;1022123
0195b8b7bf2370de8b5d186d20a6582e;1022129
0195c7885d08718aaae536fcb29a96e7;1022016
0195dbcbcb1972ce9489abc0ba7290d2;1022144
0195dbd6c78971b38ba1f6d4d8a62fd4;1022143
0195eb15830a713e93aef79d9fab1081;16916
0195eb2c79fd7128b06cdd014b8b29cb;1022021
0195eb317f77711e9d104e281ecb9e3b;1022136
0195fa650d757183a4da850fc39bec61;1022142
0195ffd075e873a6a78495657c4117b3;1021947
0195ffd076e473fc85f633ec937a85b9;1021946
01960f38bc587022b607a1840067568d;16851
019624f021c8729098376b10f385e520;1022135
019624fceba27052821d46b510bfe4da;1022137
01962501f6ad70fcbc10c324feca8240;1022138
01963362ec1f70a8ae8933266edc5de2;17131
019633910b24728a9320040479a2e042;1022150
019633910c51731f810a0e302560de32;1022149
019633910dac71f0844990b7924b6c9b;1022151
01963467a6fa714f9b467d4105ed6eea;17302
019638b51e857323811064aae5076f38;1022146
019638bbbe19705e863720ab5485cc27;1022139
01965cec3d4a72a8a9a16ed8c8be3b20;1021875
01965cf8209f72d0bdd2e25b21b17d64;1021874
0196617c8e03715f8c6c3df0e756ba40;17055
019662cfcf6270b095fd550940add991;1021968
01966689aade7168acf7e6ecc77bf60e;1021987
01966c41b66a735a88596d4aaa8a8429;1015543
01967b0ad379714d8b343bf371958005;16917
019680b6840c731e8fa2acbcc93cca14;1022020
01968173c24773e4a1758f9daea48d93;1021985
01968fd35f9a73dc8b1869d17e31802f;1022018
019690b51d40720b81cd54bbd351cf52;1022153
0196a0f6be66717ea760799b0fc7142d;1022019
01972f88868170e0bf2deeec8ef84d78;1022152
0197300c672f72daac2b671dd5d9d2d9;17694
0197352fa1b670d5bee7888f118b23a9;1022171
0197353aa35773e1991f83e7548e603a;1022172
01977cdcde27710f8d5e22d85f89fa7e;1022186
01977cdcde9c71168530de1af5d46f6c;1022174
0197878eb08e72f396f07edd284df729;1022188
0197a0a2b91e73c2b4fc82bffe70410b;1022185
0197bf5d358473a5a6d548a278c23c2a;1022189
0197f2f6fa4e71fdb2af5eb1e451f20c;1022194
0197f335b5a8725599c0e5ffe246bbfb;1022195
01981305bb4c7110bb442795dd967a5d;17582
01981cbe131c70bf9b1ce359d1ca188b;1022198
01983787291a73d5b03b4b3289f6922b;18022
01983c2ca946724b85761a9728ac3e85;1022192
019842290d3b700998c692fa7963c6c3;15398
0198567d96177072825c89a1e810954e;1022199
01985f9f39147104a75adbd8fcbc1a6b;16906
019860d9d1f871d1a58aaa731dbd978d;1021776
01987474e366730d8b42b96eee60d82f;18043
01988493fee1709aa30352e3d66d3095;18231
01989d5a3b197294ac4a44001a32b79e;1022208
0198a8682e17719bb9170794bf2ea175;1022011
0198a88fa89872ac8dfe2148499e6f74;18023
0198a8ab4d25707699ca626782083ea4;18021
0198a8d1c6b5707084f1580ff1377664;18020
0198ada2b85f73fa91a305e432228309;1021719
0198d138339470139fd2b9095f554d53;1022211
0198d1959cde70b688990ad469f2277d;1022206
0198d1ac7d9072a8a4ed07f00cc2c1b7;1022212
0198d1eee1ff72f3a901cfb0af90cb6f;1022237
0198d22037e0723d9dbb25df9c17f841;1022220
0198e09e663d7227b6ba99d6f8e1a342;1022221
0198e55d563f722c81e18fc6c8868c31;18337
0198e568f10f70b0b8a00bffb3c56fa7;1022219
0198e568fb25725498c2f46a5ebfd301;1022218
0198e5bb6195713fb22eefc432874389;18222
0198e6a9cabb729ea9abdd61e5c4447c;18339
0198eb4550ec73998ee2483248b2c43c;1022234
019903ff589b723799e5bf0ad326cb69;1022215
01991368ffa6713d9c276751ceedf659;18224
0199188db6ce7228bb4f490a6c79cca5;1022257
01991897caf17254ad382b0fc8e3f365;1022258
0199189dbccc72d09dcb5b29e61bfbee;1022255
019918aeb0997250a3487c0583935d3e;1022256
019928650eef72569c5081ee87ae4909;1022134
01992d4f725671fb8c53bd817ed538b8;1022170
019932caf6a471de9a78d4f7e1aa4c99;1021894
01993d3ed59972c2812cff3ef13c7bc2;18482
01995152d23e734484862b7dfa8426fe;1022230
01995157d95071cc93792607da3b5e34;1022231
0199717d149c72238bc11f93e59b5b6b;1022235
019975b475ad705ca7480fbcb509b5d4;1022260
01997add7d2d7001a0f570caddf43b91;18397
01997f8936ee7333b50a87ee2439c85d;1022269
0199804b733973a79d7ccf1bc3dc11ff;18398
0199805703ff71b18e2a1a4a74dd4232;18399
0199805beeb973faa1d8da313e9411df;18395
019980610e66712caf480e9ce4852780;18396
019984bb190b728dabd0aa488e95da3b;1022270
019984c0214572d7bc1c11ee674c3acb;1022271
01999448a76573f1a6aa50b56a2e9571;1022261
01999efdb7c47241a64e115e7aa4fa2e;1020601
01999f827ac871f49c73ce03e5bca543;1000330
01999f827e5973ffa9c04e43d5b6b179;1000085
01999f8282b07065a14d0ea18b8f9172;1021792
01999f87aaf7718ba5ed76a55e54454c;1000202
01999f87afba71b4bf913662ed1c9f0c;1018494
01999f8cce8971118abf7366c159a9f3;1016566
0199c8cbd2ab724593845a6c51393ce9;1022275
0199dc456017733c82b8e61cda81aee6;1022272
0199ebd5b43a71828a3a6ccdbbb37937;1022265
0199eca6e56472d295e9203d8c33746b;1022277
019a0089c89070b1ad34d5f3e50c887b;1022276
019a070dc4317215b67531a8034e4121;1022280
019a0720fd2471f682e0e865f0fa50a8;18756
019a2b8213b872bb8bd34990fb43a1b2;18823
019a2b8e111f7053b253539ba45bc57c;18822
019a392d559571378fc30f6d960acf93;1022298
019a39d466c67049923afe037ab864d1;1022290
019a777c5f7a72d5b0d926f6ad049fb6;18960
019a78083f6d72b1872500198b9dcc54;1022159
019a812f19ef70f2a3cfa7356275d303;1022291
019a826971db706ba8445f10dc1ab3ab;18825
019a9b1bdfd871c683650d46de7dde2a;1022289
019a9b1bea7d7326af4fd07982bc1723;1022325
019aa54ab87b7285bf380d25d836b343;1022281
019ab52c0df97352ae42e845ae2d821f;1022327
019ac9bf469773f08ad3500a1636b004;1022337
019ae43bf12b73d098ba5c6aa1b77cdb;1022297
019b2b588b947249a4b3ac0183b729ab;18976
019b308dbac97057beacde303efd77c0;1022326
019b3092d625731aa83604127f4878ad;1022324
019b3636327b720e9767e567886acd14;1022250
019b45361bf372e28c92cdcbddb512c0;16905
019b978b7f92708aa085a9ad55c5ed92;19384
019b9ceacd5d7141b19d9e525380ba85;1022328
019bb64d174b7158a8fa51be9355a474;1022293
019bbba3944f73d0a3ae29c9d6a8e87b;1022343
019bbd1b6d4a72c58bf6d8752dc5ea18;19444
019bc089f82173c8b9fa60d889aeb5b6;1022356
019bd59553d370618209a1220b217344;1022340
019bdf6daf8370f5b7caf4d90bb4016d;1022332
019be9d323cd70ed8980c832ab34711c;1022346
019be9e6075f727ebef8d5200e18c39e;1022347
019bf99d94cf738ea3f6901bed461190;1022359
019bf99d95317211a2fc607f7a28c514;1022358
019bf9f190c2738082032008cb35c629;1022361
019c08cebace714abde2551b8153b29d;1015539
019c41ec9d4e721f8bff61be02d38a26;1022366
019c4202aef472aea135a350bc553b73;1022292
019c98e0d7ac70b4bd15aa114696e76f;1022368
019c9eae0baf739c9d2fffe0a397ea95;1022372
019cadb790bd73509cf1c0226fd6701e;19753
019cadd988e672a2b4795a9c41f85822;1022342
019cb2b17cbb7035865180866f732536;1022331
019cb2bb8f5072bd96150338cb4047d2;1022330
